Workbook
Name NativeTimeline_Attendance_Date: #N/A
Name Slicer_Attendance_Status: #N/A
Name Slicer_Correct_Shift: #N/A
Name Slicer_Department: #N/A

Sheet row-data
A1: Employee_ID | B1: Attendance_Date | C1: Department | D1: Shift | E1: Check_In | F1: Check_Out | G1: Attendance_Status
A2: EMP073 | B2: 45939 | C2: Administration | D2: Morning | E2: 14:08 | F2: 22:18 | G2: Present
A3: EMP013 | B3: 46103 | C3: HR | D3: Morning | E3: 14:03 | F3: 22:12 | G3: Present
A4: EMP049 | B4: 45778 | C4: Administration | D4: Evening | E4: 08:41 | F4: 17:10 | G4: Late
A5: EMP080 | B5: 46026 | C5: IT | D5: Morning | F5: 17:05 | G5: Present
A6: EMP037 | B6: 45932 | C6: Operations | D6: Morning | E6: 08:38 | F6: 17:21 | G6: Late
A7: EMP016 | B7: 45696 | C7: Finance | E7: 08:04 | F7: 17:29 | G7: Remote
A8: EMP027 | B8: 45692 | C8: Sales | D8: MORNING | E8: 08:10 | F8: 17:23 | G8: Late
A9: EMP033 | B9: 45748 | C9: Administration | D9: Evening | E9: - | F9: - | G9: Absent
A10: EMP034 | B10: 46210 | C10: Operations | D10: Evening | E10: 08:09 | F10: 17:07 | G10: Present
A11: EMP031 | B11: 45921 | C11: Operations | D11: Evening | F11: - | G11: Absent
A12: EMP053 | B12: 45774 | C12: IT | D12: Morning | E12: 08:01 | F12: 17:25 | G12: Present
A13: EMP076 | B13: 46168 | C13: Finance | D13: Evening | E13: 08:08 | F13: 17:25 | G13: Present
A14: EMP040 | B14: 45671 | C14: Operations | D14: Morning | E14: 08:05 | F14: 17:05 | G14: Present
A15: EMP062 | B15: 46167 | C15: Sales | D15: Morning | E15: 08:00 | F15: 17:18 | G15: Present
A16: EMP047 | B16: 45986 | C16: Finance | D16: Morning | E16: 08:04 | G16: Present
A17: EMP017 | B17: 45783 | C17: IT | D17: Morning | E17: 08:06 | F17: 17:27 | G17: Present
A18: EMP018 | B18: 45933 | C18: Administration | D18: Morning | E18: 08:09 | F18: 17:19 | G18: Present
A19: EMP046 | B19: 46125 | C19: Administration | D19: Morning | E19: 08:15 | F19: 17:15 | G19: Late
A20: EMP042 | B20: 46095 | C20: Administration | D20: Morning | E20: 08:03 | F20: 17:13 | G20: Present
A21: EMP012 | B21: 45787 | C21: Sales | D21: Morning | E21: 08:00 | F21: 17:03
A22: EMP014 | B22: 46012 | C22: Sales | D22: Evening | E22: 08:04 | F22: 17:19 | G22: Present
A23: EMP064 | B23: 45927 | C23: Finance | D23: Evening | E23: 08:41 | F23: 17:06 | G23: Late
A24: EMP011 | B24: 45924 | C24: Sales | D24: Evening | E24: 14:01 | F24: 22:24 | G24: Present
A25: EMP008 | C25: Sales | D25: Morning | E25: 09:52 | F25: 17:06 | G25: Late
A26: EMP075 | B26: 46136 | C26: Sales | D26: Morning | E26: - | F26: - | G26: Absent
A27: EMP043 | B27: 45697 | C27: Sales | D27: Morning | E27: 08:00 | F27: 17:29 | G27: Present
A28: EMP040 | B28: 46014 | C28: HR | D28: Evening | F28: 17:10 | G28: Present
A29: EMP013 | B29: 46228 | C29: HR | D29: Morning | E29: 08:08 | G29: Present
A30: EMP035 | B30: 45955 | C30: Administration | D30: Evening | E30: 08:00 | F30: 17:03 | G30: Present
A31: EMP058 | B31: 46130 | C31: Operations | D31: Morning | E31: 14:07 | F31: 22:12 | G31: Remote
A32: EMP044 | B32: 46111 | C32: Finance | E32: 08:03 | F32: 17:10 | G32: Present
A33: EMP066 | C33: Finance | D33: Morning | E33: 08:04 | F33: 17:13 | G33: Present
A34: EMP061 | B34: 46167 | C34: Operations | D34: Morning | E34: 08:00 | F34: 17:11 | G34: Present
A35: EMP072 | B35: 45939 | C35: HR | D35: Morning | E35: 14:08 | F35: 22:01 | G35: Present
A36: EMP074 | B36: 45869 | C36: Finance | D36: Morning | E36: 14:27 | F36: 22:26 | G36: Late
A37: EMP026 | B37: 46026 | C37: Administration | D37: Evening | E37: 08:06 | F37: 17:07 | G37: Present
A38: EMP020 | B38: 45918 | C38: Administration | D38: Evening | E38: 08:04 | F38: 17:02 | G38: Remote
A39: EMP019 | B39: 45876 | C39: N/A | D39: Morning | E39: 14:05 | F39: 22:22
A40: EMP049 | B40: 45762 | C40: Administration | D40: Morning | E40: 14:00 | F40: 22:11 | G40: Present
A41: EMP061 | B41: 46184 | C41: Sales | D41: N/A | E41: 14:09 | F41: 22:14 | G41: Present
A42: EMP029 | B42: 45900 | C42: Finance | D42: Morning | E42: 08:09 | F42: 17:01 | G42: Present
A43: EMP007 | B43: 46122 | C43: Finance | D43: Morning | E43: 08:03 | F43: 17:21 | G43: Present
A44: EMP036 | B44: 45898 | C44: Operations | E44: 14:07 | F44: 22:29 | G44: Present
A45: EMP040 | B45: 45706 | C45: Finance | D45: Morning | E45: 14:05 | F45: 22:25 | G45: Remote
A46: EMP041 | B46: 45751 | C46: Sales | D46: Morning | E46: - | F46: - | G46: Absent
A47: EMP050 | B47: 45748 | C47: Sales | D47: Morning | E47: 08:02 | G47: Present
A48: EMP009 | B48: 46185 | C48: Sales | D48: Evening | F48: 17:18 | G48: Present
A49: EMP075 | B49: 45874 | C49: Finance | D49: Evening | E49: - | F49: - | G49: Absent
A50: EMP071 | B50: 45870 | C50: IT | D50: Morning | E50: 14:00 | G50: Present
A51: EMP078 | B51: 46009 | C51: IT | D51: Morning | E51: 08:08 | F51: 17:09 | G51: Present
A52: EMP008 | B52: 45804 | C52: Administration | D52: Morning | E52: 14:05 | F52: 22:27 | G52: Present
B53: 46101 | C53: IT | D53: Morning | E53: 08:05 | F53: 17:07 | G53: Present
B54: 45834 | C54: Finance | D54: Morning | E54: 08:00 | F54: 17:04 | G54: Present
A55: EMP004 | B55: 46206 | C55: Operations | D55: Morning | E55: 08:08 | F55: 17:27 | G55: Present
A56: EMP068 | B56: 46229 | C56: Sales | D56: Evening | E56: 08:10 | F56: 17:11 | G56: Late
A57: EMP031 | B57: 46214 | C57: Operations | D57: Evening | E57: 08:01 | F57: 17:24 | G57: Present
A58: EMP063 | C58: Operations | D58: Morning | E58: 08:01 | F58: 17:29 | G58: Present
A59: EMP074 | B59: 45673 | D59: Evening | E59: 08:00 | F59: 17:05 | G59: Present
A60: EMP074 | B60: 46232 | C60: HR | D60: Morning | E60: 08:08 | F60: 17:00 | G60: Present
A61: EMP035 | C61: Administration | D61: Evening | E61: 08:06 | F61: 17:24 | G61: Present
A62: EMP029 | B62: 46026 | C62: HR | E62: 08:04 | F62: 17:24 | G62: Present
A63: EMP063 | B63: 46022 | D63: Evening | E63: 08:07 | F63: 17:09 | G63: Present
A64: EMP043 | B64: 45722 | C64: Finance | D64: Morning | E64: 08:49 | F64: 17:27 | G64: Late
A65: EMP053 | B65: 45953 | C65: Administration | E65: 08:09 | F65: 17:00 | G65: Remote
A66: EMP071 | B66: 46095 | C66: IT | D66: Evening | E66: 15:54 | F66: 22:23 | G66: Late
A67: EMP055 | B67: 45716 | C67: Finance | E67: 14:07 | F67: 22:07 | G67: Present
A68: EMP076 | B68: 45780 | C68: Operations | D68: Morning | E68: 08:08 | F68: 17:07 | G68: Present
A69: EMP077 | B69: 46070 | C69: Operations | D69: Morning | E69: 14:00 | F69: 22:18
A70: EMP058 | B70: 46057 | C70: IT | D70: Evening | F70: 17:07 | G70: Late
A71: EMP005 | B71: 45826 | C71: Administration | D71: Morning | E71: 08:01 | G71: Present
A72: EMP023 | B72: 45789 | D72: Morning | E72: 08:03 | F72: 17:29 | G72: Present
A73: EMP021 | B73: 45677 | C73: IT | D73: Evening | E73: 08:03 | F73: 17:12 | G73: Present
A74: EMP003 | B74: 45995 | C74: Sales | D74: Morning | E74: 08:09 | G74: Present
A75: EMP066 | B75: 46158 | C75: IT | D75: Morning | E75: 14:04 | F75: 22:21 | G75: Present
A76: EMP016 | B76: 46097 | D76: evening | E76: 14:17 | F76: 22:12 | G76: Late
A77: EMP018 | B77: Unknown | C77: Sales | D77: Morning | E77: 14:05 | F77: 22:20 | G77: Present
A78: EMP069 | B78: 46169 | C78: Sales | D78: Morning | E78: 14:09 | F78: 22:02 | G78: Present
A79: EMP046 | B79: 46155 | C79: Operations | D79: Morning | E79: 08:09 | F79: 17:28 | G79: Present
A80: EMP046 | B80: 45760 | D80: Morning | E80: 08:08 | F80: 17:06 | G80: Remote
A81: EMP013 | B81: 45771 | C81: Finance | D81: Morning | F81: 22:07 | G81: Late
B82: 45733 | C82: Operations | D82: Morning | E82: 14:02 | F82: 22:05 | G82: Present
A83: EMP017 | B83: 46181 | C83: HR | D83: Morning | E83: 08:08 | F83: 17:27 | G83: Present
A84: EMP034 | B84: 45733 | D84: Morning | E84: 08:08 | F84: 17:02 | G84: Present
A85: EMP036 | B85: 45944 | C85: Operations | D85: Morning | E85: 08:01 | F85: 17:26 | G85: Present
A86: EMP013 | B86: 46071 | C86: Operations | D86: Morning | E86: 08:06 | F86: 17:10 | G86: Present
A87: EMP035 | B87: 45868 | C87: Operations | D87: Evening | E87: 08:05 | F87: 17:05 | G87: Remote
A88: EMP062 | B88: 46199 | C88: IT | D88: Morning | E88: 14:04 | F88: 22:26 | G88: Present
A89: EMP022 | B89: 45883 | C89: Operations | D89: Morning | E89: 14:04 | F89: 22:04 | G89: Present
A90: EMP051 | B90: 45776 | C90: Operations | D90: Evening | E90: 08:04 | F90: 17:29 | G90: Present
A91: EMP036 | B91: 46162 | D91: Morning | E91: - | F91: - | G91: Absent
A92: EMP008 | B92: 46059 | C92: Administration | D92: Evening | E92: 08:04 | F92: 17:08 | G92: Present
A93: EMP059 | B93: 45878 | C93: Operations | D93: morning | E93: 14:07 | F93: 22:13 | G93: Present
A94: EMP062 | B94: 45748 | C94: Operations | D94: Morning | E94: 14:08 | G94: Present
A95: EMP072 | B95: 45660 | C95: Sales | D95: NULL | E95: - | F95: - | G95: NULL
A96: EMP063 | B96: 46066 | C96: HR | D96: Morning | E96: 14:00 | F96: 22:22 | G96: Present
A97: EMP076 | B97: 45858 | C97: IT | D97: Morning | E97: 08:07 | F97: 17:16 | G97: Present
A98: EMP028 | B98: 46049 | C98: IT | D98: Evening | E98: 08:24 | F98: 17:06 | G98: Late
A99: EMP069 | B99: 46221 | C99: HR | D99: Morning | E99: 08:07 | F99: 17:25 | G99: Present
A100: EMP073 | B100: 46172 | C100: IT | D100: Evening | E100: 08:01 | F100: 17:12 | G100: Present
...

Sheet cleaned-data
A1: Employee_ID | B1: Attendance_Date | C1: Department | D1: Shift | E1: Check_In | F1: Check_Out | G1: Attendance_Status | H1: Correct Shift
A2: EMP073 | B2: 45939 | C2: Administration | D2: Morning | E2: 14:08 | F2: 22:18 | G2: Present | H2: =IFERROR(IF(TIMEVALUE(E2)<TIME(12,0,0),"Morning","Evening"),D2) -> Evening
A3: EMP013 | B3: 46103 | C3: HR | D3: Morning | E3: 14:03 | F3: 22:12 | G3: Present | H3: =IFERROR(IF(TIMEVALUE(E3)<TIME(12,0,0),"Morning","Evening"),D3) -> Evening
A4: EMP049 | B4: 45778 | C4: Administration | D4: Evening | E4: 08:41 | F4: 17:10 | G4: Late | H4: =IFERROR(IF(TIMEVALUE(E4)<TIME(12,0,0),"Morning","Evening"),D4) -> Morning
A5: EMP080 | B5: 46026 | C5: IT | D5: Morning | E5: 0.33958333 | F5: 17:05 | G5: Present | H5: =IFERROR(IF(TIMEVALUE(E5)<TIME(12,0,0),"Morning","Evening"),D5) -> Morning | S5: Column | T5: Count | W5: Column | X5: Missing | Y5: Best Method | Z5: Reason
A6: EMP037 | B6: 45932 | C6: Operations | D6: Morning | E6: 08:38 | F6: 17:21 | G6: Late | H6: =IFERROR(IF(TIMEVALUE(E6)<TIME(12,0,0),"Morning","Evening"),D6) -> Morning | S6: origin data | T6: 300 | W6: Employee_ID | X6: 15 | Y6: Delete rows | Z6: ID is a unique identifier and cannot be reliably estimated.
A7: EMP016 | B7: 45696 | C7: Finance | D7: Morning | E7: 08:04 | F7: 17:29 | G7: Remote | H7: =IFERROR(IF(TIMEVALUE(E7)<TIME(12,0,0),"Morning","Evening"),D7) -> Morning | S7: duplicate | T7: 7 | W7: Attendance_Date | X7: 17 | Y7: Delete rows | Z7: The correct attendance date cannot be reliably determined.
A8: EMP027 | B8: 45692 | C8: Sales | D8: Morning | E8: 08:10 | F8: 17:23 | G8: Late | H8: =IFERROR(IF(TIMEVALUE(E8)<TIME(12,0,0),"Morning","Evening"),D8) -> Morning | S8: after removing duplicate | T8: 293 | W8: Department | X8: 18 | Y8: Mode | Z8: Department is categorical, so the most frequent category can be used.
A9: EMP033 | B9: 45748 | C9: Administration | D9: Evening | E9: - | F9: - | G9: Absent | H9: =IFERROR(IF(TIMEVALUE(E9)<TIME(12,0,0),"Morning","Evening"),D9) -> Evening | S9: after removing blank-ids | T9: 278 | W9: Shift | X9: 18 | Y9: Check_In-based / Mode | Z9: If Check_In is available, it can indicate the appropriate shift; otherwise, use the mode.
A10: EMP034 | B10: 46210 | C10: Operations | D10: Evening | E10: 08:09 | F10: 17:07 | G10: Present | H10: =IFERROR(IF(TIMEVALUE(E10)<TIME(12,0,0),"Morning","Evening"),D10) -> Morning | S10: after removing-att-missing-date | T10: 261 | W10: Check_In | X10: 41 | Y10: Median | Z10: Time is numeric and the median is less affected by extreme values (outliers).
A11: EMP031 | B11: 45921 | C11: Operations | D11: Evening | F11: - | G11: Absent | H11: =IFERROR(IF(TIMEVALUE(E11)<TIME(12,0,0),"Morning","Evening"),D11) -> Evening | W11: Check_Out | X11: 38 | Y11: Median | Z11: Time is numeric and median is appropriate for handling missing time values.
A12: EMP053 | B12: 45774 | C12: IT | D12: Morning | E12: 08:01 | F12: 17:25 | G12: Present | H12: =IFERROR(IF(TIMEVALUE(E12)<TIME(12,0,0),"Morning","Evening"),D12) -> Morning | S12: departments | T12: count | W12: Attendance_Status | X12: 16 | Y12: Logical rule / Mode | Z12: It can be inferred from Check_In and Check_Out; if it cannot be determined, use the mode.
A13: EMP076 | B13: 46168 | C13: Finance | D13: Evening | E13: 08:08 | F13: 17:25 | G13: Present | H13: =IFERROR(IF(TIMEVALUE(E13)<TIME(12,0,0),"Morning","Evening"),D13) -> Morning | S13: IT | T13: =COUNTIF(C2:C262,"IT") -> 76
A14: EMP040 | B14: 45671 | C14: Operations | D14: Morning | E14: 08:05 | F14: 17:05 | G14: Present | H14: =IFERROR(IF(TIMEVALUE(E14)<TIME(12,0,0),"Morning","Evening"),D14) -> Morning | S14: Administration | T14: =COUNTIF(C2:C262,"Administration") -> 30
A15: EMP062 | B15: 46167 | C15: Sales | D15: Morning | E15: 08:00 | F15: 17:18 | G15: Present | H15: =IFERROR(IF(TIMEVALUE(E15)<TIME(12,0,0),"Morning","Evening"),D15) -> Morning | S15: HR | T15: =COUNTIF(C2:C262,"HR") -> 20
A16: EMP047 | B16: 45986 | C16: Finance | D16: Morning | E16: 08:04 | F16: 0.71319444 | G16: Present | H16: =IFERROR(IF(TIMEVALUE(E16)<TIME(12,0,0),"Morning","Evening"),D16) -> Morning | S16: Sales | T16: =COUNTIF(C2:C262,"Sales") -> 39
A17: EMP017 | B17: 45783 | C17: IT | D17: Morning | E17: 08:06 | F17: 17:27 | G17: Present | H17: =IFERROR(IF(TIMEVALUE(E17)<TIME(12,0,0),"Morning","Evening"),D17) -> Morning | S17: Finance | T17: =COUNTIF(C2:C262,"Finance") -> 45
A18: EMP018 | B18: 45933 | C18: Administration | D18: Morning | E18: 08:09 | F18: 17:19 | G18: Present | H18: =IFERROR(IF(TIMEVALUE(E18)<TIME(12,0,0),"Morning","Evening"),D18) -> Morning | S18: Operations | T18: =COUNTIF(C2:C262,"Operations") -> 51
A19: EMP046 | B19: 46125 | C19: Administration | D19: Morning | E19: 08:15 | F19: 17:15 | G19: Late | H19: =IFERROR(IF(TIMEVALUE(E19)<TIME(12,0,0),"Morning","Evening"),D19) -> Morning
A20: EMP042 | B20: 46095 | C20: Administration | D20: Morning | E20: 08:03 | F20: 17:13 | G20: Present | H20: =IFERROR(IF(TIMEVALUE(E20)<TIME(12,0,0),"Morning","Evening"),D20) -> Morning
A21: EMP012 | B21: 45787 | C21: Sales | D21: Morning | E21: 08:00 | F21: 17:03 | G21: Present | H21: =IFERROR(IF(TIMEVALUE(E21)<TIME(12,0,0),"Morning","Evening"),D21) -> Morning
A22: EMP014 | B22: 46012 | C22: Sales | D22: Evening | E22: 08:04 | F22: 17:19 | G22: Present | H22: =IFERROR(IF(TIMEVALUE(E22)<TIME(12,0,0),"Morning","Evening"),D22) -> Morning | S22: Column1 | T22: Column2
A23: EMP064 | B23: 45927 | C23: Finance | D23: Evening | E23: 08:41 | F23: 17:06 | G23: Late | H23: =IFERROR(IF(TIMEVALUE(E23)<TIME(12,0,0),"Morning","Evening"),D23) -> Morning | S23: check in Morning median | T23: 0.58680556
A24: EMP011 | B24: 45924 | C24: Sales | D24: Evening | E24: 14:01 | F24: 22:24 | G24: Present | H24: =IFERROR(IF(TIMEVALUE(E24)<TIME(12,0,0),"Morning","Evening"),D24) -> Evening | S24: check in Evening median | T24: 0.33958333
A25: EMP075 | B25: 46136 | C25: Sales | D25: Morning | E25: - | F25: - | G25: Absent | H25: =IFERROR(IF(TIMEVALUE(E25)<TIME(12,0,0),"Morning","Evening"),D25) -> Morning
A26: EMP043 | B26: 45697 | C26: Sales | D26: Morning | E26: 08:00 | F26: 17:29 | G26: Present | H26: =IFERROR(IF(TIMEVALUE(E26)<TIME(12,0,0),"Morning","Evening"),D26) -> Morning
A27: EMP040 | B27: 46014 | C27: HR | D27: Evening | E27: 0.58680556 | F27: 17:10 | G27: Present | H27: =IFERROR(IF(TIMEVALUE(E27)<TIME(12,0,0),"Morning","Evening"),D27) -> Evening
A28: EMP013 | B28: 46228 | C28: HR | D28: Morning | E28: 08:08 | F28: 0.71319444 | G28: Present | H28: =IFERROR(IF(TIMEVALUE(E28)<TIME(12,0,0),"Morning","Evening"),D28) -> Morning
A29: EMP035 | B29: 45955 | C29: Administration | D29: Evening | E29: 08:00 | F29: 17:03 | G29: Present | H29: =IFERROR(IF(TIMEVALUE(E29)<TIME(12,0,0),"Morning","Evening"),D29) -> Morning
A30: EMP058 | B30: 46130 | C30: Operations | D30: Morning | E30: 14:07 | F30: 22:12 | G30: Remote | H30: =IFERROR(IF(TIMEVALUE(E30)<TIME(12,0,0),"Morning","Evening"),D30) -> Evening
A31: EMP044 | B31: 46111 | C31: Finance | D31: Morning | E31: 08:03 | F31: 17:10 | G31: Present | H31: =IFERROR(IF(TIMEVALUE(E31)<TIME(12,0,0),"Morning","Evening"),D31) -> Morning
A32: EMP061 | B32: 46167 | C32: Operations | D32: Morning | E32: 08:00 | F32: 17:11 | G32: Present | H32: =IFERROR(IF(TIMEVALUE(E32)<TIME(12,0,0),"Morning","Evening"),D32) -> Morning
A33: EMP072 | B33: 45939 | C33: HR | D33: Morning | E33: 14:08 | F33: 22:01 | G33: Present | H33: =IFERROR(IF(TIMEVALUE(E33)<TIME(12,0,0),"Morning","Evening"),D33) -> Evening
A34: EMP074 | B34: 45869 | C34: Finance | D34: Morning | E34: 14:27 | F34: 22:26 | G34: Late | H34: =IFERROR(IF(TIMEVALUE(E34)<TIME(12,0,0),"Morning","Evening"),D34) -> Evening
A35: EMP026 | B35: 46026 | C35: Administration | D35: Evening | E35: 08:06 | F35: 17:07 | G35: Present | H35: =IFERROR(IF(TIMEVALUE(E35)<TIME(12,0,0),"Morning","Evening"),D35) -> Morning | S35: Morning Check_Out Median | T35: 17:07
A36: EMP020 | B36: 45918 | C36: Administration | D36: Evening | E36: 08:04 | F36: 17:02 | G36: Remote | H36: =IFERROR(IF(TIMEVALUE(E36)<TIME(12,0,0),"Morning","Evening"),D36) -> Morning | S36: Evening Check_Out Median | T36: 0.92916667
A37: EMP019 | B37: 45876 | C37: IT | D37: Morning | E37: 14:05 | F37: 22:22 | G37: Present | H37: =IFERROR(IF(TIMEVALUE(E37)<TIME(12,0,0),"Morning","Evening"),D37) -> Evening
A38: EMP049 | B38: 45762 | C38: Administration | D38: Morning | E38: 14:00 | F38: 22:11 | G38: Present | H38: =IFERROR(IF(TIMEVALUE(E38)<TIME(12,0,0),"Morning","Evening"),D38) -> Evening
A39: EMP061 | B39: 46184 | C39: Sales | D39: Morning | E39: 14:09 | F39: 22:14 | G39: Present | H39: =IFERROR(IF(TIMEVALUE(E39)<TIME(12,0,0),"Morning","Evening"),D39) -> Evening
A40: EMP029 | B40: 45900 | C40: Finance | D40: Morning | E40: 08:09 | F40: 17:01 | G40: Present | H40: =IFERROR(IF(TIMEVALUE(E40)<TIME(12,0,0),"Morning","Evening"),D40) -> Morning
A41: EMP007 | B41: 46122 | C41: Finance | D41: Morning | E41: 08:03 | F41: 17:21 | G41: Present | H41: =IFERROR(IF(TIMEVALUE(E41)<TIME(12,0,0),"Morning","Evening"),D41) -> Morning
A42: EMP036 | B42: 45898 | C42: Operations | D42: Morning | E42: 14:07 | F42: 22:29 | G42: Present | H42: =IFERROR(IF(TIMEVALUE(E42)<TIME(12,0,0),"Morning","Evening"),D42) -> Evening
A43: EMP040 | B43: 45706 | C43: Finance | D43: Morning | E43: 14:05 | F43: 22:25 | G43: Remote | H43: =IFERROR(IF(TIMEVALUE(E43)<TIME(12,0,0),"Morning","Evening"),D43) -> Evening
A44: EMP041 | B44: 45751 | C44: Sales | D44: Morning | E44: - | F44: - | G44: Absent | H44: =IFERROR(IF(TIMEVALUE(E44)<TIME(12,0,0),"Morning","Evening"),D44) -> Morning
A45: EMP050 | B45: 45748 | C45: Sales | D45: Morning | E45: 08:02 | F45: 0.71319444 | G45: Present | H45: =IFERROR(IF(TIMEVALUE(E45)<TIME(12,0,0),"Morning","Evening"),D45) -> Morning
A46: EMP009 | B46: 46185 | C46: Sales | D46: Evening | E46: 0.58680556 | F46: 17:18 | G46: Present | H46: =IFERROR(IF(TIMEVALUE(E46)<TIME(12,0,0),"Morning","Evening"),D46) -> Evening | S46: =MEDIAN(IF(($H$2:$H$262="Morning")*($F$2:$F$262<>"-"),TIMEVALUE($F$2:$F$262))) -> 0
A47: EMP075 | B47: 45874 | C47: Finance | D47: Evening | E47: - | F47: - | G47: Absent | H47: =IFERROR(IF(TIMEVALUE(E47)<TIME(12,0,0),"Morning","Evening"),D47) -> Evening
A48: EMP071 | B48: 45870 | C48: IT | D48: Morning | E48: 14:00 | F48: 0.92916667 | G48: Present | H48: =IFERROR(IF(TIMEVALUE(E48)<TIME(12,0,0),"Morning","Evening"),D48) -> Evening
A49: EMP078 | B49: 46009 | C49: IT | D49: Morning | E49: 08:08 | F49: 17:09 | G49: Present | H49: =IFERROR(IF(TIMEVALUE(E49)<TIME(12,0,0),"Morning","Evening"),D49) -> Morning
A50: EMP008 | B50: 45804 | C50: Administration | D50: Morning | E50: 14:05 | F50: 22:27 | G50: Present | H50: =IFERROR(IF(TIMEVALUE(E50)<TIME(12,0,0),"Morning","Evening"),D50) -> Evening
A51: EMP004 | B51: 46206 | C51: Operations | D51: Morning | E51: 08:08 | F51: 17:27 | G51: Present | H51: =IFERROR(IF(TIMEVALUE(E51)<TIME(12,0,0),"Morning","Evening"),D51) -> Morning
A52: EMP068 | B52: 46229 | C52: Sales | D52: Evening | E52: 08:10 | F52: 17:11 | G52: Late | H52: =IFERROR(IF(TIMEVALUE(E52)<TIME(12,0,0),"Morning","Evening"),D52) -> Morning
A53: EMP031 | B53: 46214 | C53: Operations | D53: Evening | E53: 08:01 | F53: 17:24 | G53: Present | H53: =IFERROR(IF(TIMEVALUE(E53)<TIME(12,0,0),"Morning","Evening"),D53) -> Morning
A54: EMP074 | B54: 45673 | C54: IT | D54: Evening | E54: 08:00 | F54: 17:05 | G54: Present | H54: =IFERROR(IF(TIMEVALUE(E54)<TIME(12,0,0),"Morning","Evening"),D54) -> Morning
A55: EMP074 | B55: 46232 | C55: HR | D55: Morning | E55: 08:08 | F55: 17:00 | G55: Present | H55: =IFERROR(IF(TIMEVALUE(E55)<TIME(12,0,0),"Morning","Evening"),D55) -> Morning
A56: EMP029 | B56: 46026 | C56: HR | D56: Morning | E56: 08:04 | F56: 17:24 | G56: Present | H56: =IFERROR(IF(TIMEVALUE(E56)<TIME(12,0,0),"Morning","Evening"),D56) -> Morning
A57: EMP063 | B57: 46022 | C57: IT | D57: Evening | E57: 08:07 | F57: 17:09 | G57: Present | H57: =IFERROR(IF(TIMEVALUE(E57)<TIME(12,0,0),"Morning","Evening"),D57) -> Morning
A58: EMP043 | B58: 45722 | C58: Finance | D58: Morning | E58: 08:49 | F58: 17:27 | G58: Late | H58: =IFERROR(IF(TIMEVALUE(E58)<TIME(12,0,0),"Morning","Evening"),D58) -> Morning
A59: EMP053 | B59: 45953 | C59: Administration | D59: Morning | E59: 08:09 | F59: 17:00 | G59: Remote | H59: =IFERROR(IF(TIMEVALUE(E59)<TIME(12,0,0),"Morning","Evening"),D59) -> Morning
A60: EMP071 | B60: 46095 | C60: IT | D60: Evening | E60: 15:54 | F60: 22:23 | G60: Late | H60: =IFERROR(IF(TIMEVALUE(E60)<TIME(12,0,0),"Morning","Evening"),D60) -> Evening
... A63: EMP077 | B63: 46070 | C63: Operations | D63: Morning | E63: 14:00 | F63: 22:18 | G63: Present | H63: =IFERROR(IF(TIMEVALUE(E63)<TIME(12,0,0),"Morning","Evening"),D63) -> Evening
A64: EMP058 | B64: 46057 | C64: IT | D64: Evening | E64: 0.58680556 | F64: 17:07 | G64: Late | H64: =IFERROR(IF(TIMEVALUE(E64)<TIME(12,0,0),"Morning","Evening"),D64) -> Evening
A65: EMP005 | B65: 45826 | C65: Administration | D65: Morning | E65: 08:01 | F65: 0.71319444 | G65: Present | H65: =IFERROR(IF(TIMEVALUE(E65)<TIME(12,0,0),"Morning","Evening"),D65) -> Morning
A66: EMP023 | B66: 45789 | C66: IT | D66: Morning | E66: 08:03 | F66: 17:29 | G66: Present | H66: =IFERROR(IF(TIMEVALUE(E66)<TIME(12,0,0),"Morning","Evening"),D66) -> Morning
A67: EMP021 | B67: 45677 | C67: IT | D67: Evening | E67: 08:03 | F67: 17:12 | G67: Present | H67: =IFERROR(IF(TIMEVALUE(E67)<TIME(12,0,0),"Morning","Evening"),D67) -> Morning
A68: EMP003 | B68: 45995 | C68: Sales | D68: Morning | E68: 08:09 | F68: 0.71319444 | G68: Present | H68: =IFERROR(IF(TIMEVALUE(E68)<TIME(12,0,0),"Morning","Evening"),D68) -> Morning
A69: EMP066 | B69: 46158 | C69: IT | D69: Morning | E69: 14:04 | F69: 22:21 | G69: Present | H69: =IFERROR(IF(TIMEVALUE(E69)<TIME(12,0,0),"Morning","Evening"),D69) -> Evening
A70: EMP016 | B70: 46097 | C70: IT | D70: Evening | E70: 14:17 | F70: 22:12 | G70: Late | H70: =IFERROR(IF(TIMEVALUE(E70)<TIME(12,0,0),"Morning","Evening"),D70) -> Evening
A71: EMP069 | B71: 46169 | C71: Sales | D71: Morning | E71: 14:09 | F71: 22:02 | G71: Present | H71: =IFERROR(IF(TIMEVALUE(E71)<TIME(12,0,0),"Morning","Evening"),D71) -> Evening
A72: EMP046 | B72: 46155 | C72: Operations | D72: Morning | E72: 08:09 | F72: 17:28 | G72: Present | H72: =IFERROR(IF(TIMEVALUE(E72)<TIME(12,0,0),"Morning","Evening"),D72) -> Morning
A73: EMP046 | B73: 45760 | C73: IT | D73: Morning | E73: 08:08 | F73: 17:06 | G73: Remote | H73: =IFERROR(IF(TIMEVALUE(E73)<TIME(12,0,0),"Morning","Evening"),D73) -> Morning
A74: EMP013 | B74: 45771 | C74: Finance | D74: Morning | E74: 0.33958333 | F74: 22:07 | G74: Late | H74: =IFERROR(IF(TIMEVALUE(E74)<TIME(12,0,0),"Morning","Evening"),D74) -> Morning
A75: EMP017 | B75: 46181 | C75: HR | D75: Morning | E75: 08:08 | F75: 17:27 | G75: Present | H75: =IFERROR(IF(TIMEVALUE(E75)<TIME(12,0,0),"Morning","Evening"),D75) -> Morning
A76: EMP034 | B76: 45733 | C76: IT | D76: Morning | E76: 08:08 | F76: 17:02 | G76: Present | H76: =IFERROR(IF(TIMEVALUE(E76)<TIME(12,0,0),"Morning","Evening"),D76) -> Morning
A77: EMP036 | B77: 45944 | C77: Operations | D77: Morning | E77: 08:01 | F77: 17:26 | G77: Present | H77: =IFERROR(IF(TIMEVALUE(E77)<TIME(12,0,0),"Morning","Evening"),D77) -> Morning
A78: EMP013 | B78: 46071 | C78: Operations | D78: Morning | E78: 08:06 | F78: 17:10 | G78: Present | H78: =IFERROR(IF(TIMEVALUE(E78)<TIME(12,0,0),"Morning","Evening"),D78) -> Morning
A79: EMP035 | B79: 45868 | C79: Operations | D79: Evening | E79: 08:05 | F79: 17:05 | G79: Remote | H79: =IFERROR(IF(TIMEVALUE(E79)<TIME(12,0,0),"Morning","Evening"),D79) -> Morning
A80: EMP062 | B80: 46199 | C80: IT | D80: Morning | E80: 14:04 | F80: 22:26 | G80: Present | H80: =IFERROR(IF(TIMEVALUE(E80)<TIME(12,0,0),"Morning","Evening"),D80) -> Evening
A81: EMP022 | B81: 45883 | C81: Operations | D81: Morning | E81: 14:04 | F81: 22:04 | G81: Present | H81: =IFERROR(IF(TIMEVALUE(E81)<TIME(12,0,0),"Morning","Evening"),D81) -> Evening
A82: EMP051 | B82: 45776 | C82: Operations | D82: Evening | E82: 08:04 | F82: 17:29 | G82: Present | H82: =IFERROR(IF(TIMEVALUE(E82)<TIME(12,0,0),"Morning","Evening"),D82) -> Morning
A83: EMP036 | B83: 46162 | C83: IT | D83: Morning | E83: - | F83: - | G83: Absent | H83: =IFERROR(IF(TIMEVALUE(E83)<TIME(12,0,0),"Morning","Evening"),D83) -> Morning
A84: EMP008 | B84: 46059 | C84: Administration | D84: Evening | E84: 08:04 | F84: 17:08 | G84: Present | H84: =IFERROR(IF(TIMEVALUE(E84)<TIME(12,0,0),"Morning","Evening"),D84) -> Morning
A85: EMP059 | B85: 45878 | C85: Operations | D85: Morning | E85: 14:07 | F85: 22:13 | G85: Present | H85: =IFERROR(IF(TIMEVALUE(E85)<TIME(12,0,0),"Morning","Evening"),D85) -> Evening
A86: EMP062 | B86: 45748 | C86: Operations | D86: Morning | E86: 14:08 | F86: 0.92916667 | G86: Present | H86: =IFERROR(IF(TIMEVALUE(E86)<TIME(12,0,0),"Morning","Evening"),D86) -> Evening
A87: EMP072 | B87: 45660 | C87: Sales | D87: Morning | E87: - | F87: - | G87: Absent | H87: =IFERROR(IF(TIMEVALUE(E87)<TIME(12,0,0),"Morning","Evening"),D87) -> Morning
A88: EMP063 | B88: 46066 | C88: HR | D88: Morning | E88: 14:00 | F88: 22:22 | G88: Present | H88: =IFERROR(IF(TIMEVALUE(E88)<TIME(12,0,0),"Morning","Evening"),D88) -> Evening
A89: EMP076 | B89: 45858 | C89: IT | D89: Morning | E89: 08:07 | F89: 17:16 | G89: Present | H89: =IFERROR(IF(TIMEVALUE(E89)<TIME(12,0,0),"Morning","Evening"),D89) -> Morning
A90: EMP028 | B90: 46049 | C90: IT | D90: Evening | E90: 08:24 | F90: 17:06 | G90: Late | H90: =IFERROR(IF(TIMEVALUE(E90)<TIME(12,0,0),"Morning","Evening"),D90) -> Morning
A91: EMP069 | B91: 46221 | C91: HR | D91: Morning | E91: 08:07 | F91: 17:25 | G91: Present | H91: =IFERROR(IF(TIMEVALUE(E91)<TIME(12,0,0),"Morning","Evening"),D91) -> Morning
A92: EMP073 | B92: 46172 | C92: IT | D92: Evening | E92: 08:01 | F92: 17:12 | G92: Present | H92: =IFERROR(IF(TIMEVALUE(E92)<TIME(12,0,0),"Morning","Evening"),D92) -> Morning
A93: EMP075 | B93: 46110 | C93: IT | D93: Morning | E93: 0.33958333 | F93: 17:08 | G93: Present | H93: =IFERROR(IF(TIMEVALUE(E93)<TIME(12,0,0),"Morning","Evening"),D93) -> Morning
A94: EMP004 | B94: 45847 | C94: Administration | D94: Evening | E94: 08:07 | F94: 17:28 | G94: Remote | H94: =IFERROR(IF(TIMEVALUE(E94)<TIME(12,0,0),"Morning","Evening"),D94) -> Morning
A95: EMP064 | B95: 46152 | C95: Sales | D95: Morning | E95: 08:08 | F95: 17:04 | G95: Present | H95: =IFERROR(IF(TIMEVALUE(E95)<TIME(12,0,0),"Morning","Evening"),D95) -> Morning
A96: EMP063 | B96: 45852 | C96: Administration | D96: Morning | E96: 08:17 | F96: 17:27 | G96: Late | H96: =IFERROR(IF(TIMEVALUE(E96)<TIME(12,0,0),"Morning","Evening"),D96) -> Morning
A97: EMP078 | B97: 46227 | C97: Finance | D97: Evening | E97: 14:11 | F97: 22:24 | G97: Late | H97: =IFERROR(IF(TIMEVALUE(E97)<TIME(12,0,0),"Morning","Evening"),D97) -> Evening
A98: EMP017 | B98: 46068 | C98: IT | D98: Evening | E98: 14:05 | F98: 22:01 | G98: Present | H98: =IFERROR(IF(TIMEVALUE(E98)<TIME(12,0,0),"Morning","Evening"),D98) -> Evening
A99: EMP002 | B99: 46154 | C99: IT | D99: Evening | E99: 0.58680556 | F99: 17:19 | G99: Late | H99: =IFERROR(IF(TIMEVALUE(E99)<TIME(12,0,0),"Morning","Evening"),D99) -> Evening
A100: EMP011 | B100: 46061 | C100: Finance | D100: Morning | E100: 08:05 | F100: 17:21 | G100: Present | H100: =IFERROR(IF(TIMEVALUE(E100)<TIME(12,0,0),"Morning","Evening"),D100) -> Morning
A101: EMP033 | B101: 45699 | C101: Operations | D101: Morning | E101: 08:01 | F101: 17:20 | G101: Present | H101: =IFERROR(IF(TIMEVALUE(E101)<TIME(12,0,0),"Morning","Evening"),D101) -> Morning
A102: EMP028 | B102: 46114 | C102: Operations | D102: Evening | E102: - | F102: - | G102: Absent | H102: =IFERROR(IF(TIMEVALUE(E102)<TIME(12,0,0),"Morning","Evening"),D102) -> Evening
...

Sheet PivotTables
A3: Count of Employee_ID | B3: Column Labels
A4: Row Labels | B4: Absent | C4: Late | D4: Present | E4: Remote | F4: Grand Total
A5: Administration | B5: 2 | C5: 6 | D5: 16 | E5: 6 | F5: 30
A6: Finance | B6: 3 | C6: 9 | D6: 30 | E6: 3 | F6: 45
A7: HR | B7: 1 | C7: 2 | D7: 15 | E7: 2 | F7: 20
A8: IT | B8: 7 | C8: 13 | D8: 49 | E8: 7 | F8: 76
A9: Operations | B9: 2 | C9: 6 | D9: 36 | E9: 7 | F9: 51
A10: Sales | B10: 6 | C10: 9 | D10: 22 | E10: 2 | F10: 39
A11: Grand Total | B11: 21 | C11: 45 | D11: 168 | E11: 27 | F11: 261
A19: Row Labels | B19: Count of Employee_ID
A20: Administration | B20: 30
A21: Finance | B21: 45
A22: HR | B22: 20
A23: IT | B23: 76
A24: Operations | B24: 51
A25: Sales | B25: 39
A26: Grand Total | B26: 261
A39: Count of Employee_ID | B39: Column Labels
A40: Row Labels | B40: Absent | C40: Late | D40: Present | E40: Remote | F40: Grand Total
A41: Evening | B41: 6 | C41: 16 | D41: 58 | E41: 8 | F41: 88
A42: Morning | B42: 15 | C42: 29 | D42: 110 | E42: 19 | F42: 173
A43: Grand Total | B43: 21 | C43: 45 | D43: 168 | E43: 27 | F43: 261
A60: Row Labels | B60: Count of Employee_ID
A61: Absent | B61: 21
A62: Late | B62: 45
A63: Present | B63: 168
A64: Remote | B64: 27
A65: Grand Total | B65: 261

Sheet Dashbaord
E2: EMPLOYEE ATTENDENCE DASHBOARD
D6: Total Records | H6: Present | K6: Late | N6: Absent | Q6: Remote
D7: =COUNTA('cleaned-data'!A2:A262) -> 261 | H7: =COUNTIF('cleaned-data'!G2:G262,"Present") -> 168 | K7: =COUNTIF('cleaned-data'!G2:G262,"Late") -> 45 | N7: =COUNTIF('cleaned-data'!G2:G262,"Absent") -> 21 | Q7: =COUNTIF('cleaned-data'!G2:G262,"Remote") -> 27

Sheet finding
A2: Findings
A4: The dataset originally contained 300 employee attendance records.
A5: 7 duplicate records were identified and removed.
A6: 15 records with missing Employee_ID were removed because the ID is a unique identifier.
A7: 17 records with missing Attendance_Date were removed because the correct date could not be reliably determined.
A8: The final cleaned dataset contains 261 valid records.
A9: IT had the highest number of attendance records among the departments.
A10: Morning shift had more records than the Evening shift.
A11: Some inconsistencies were found in Department, Shift, Check_In, Check_Out, and Attendance_Status and were standardized.
A12: Missing time values in Check_In and Check_Out were handled using median-based imputation, while categorical missing values were handled using the mode or logical rules.
A14: Recommendations
A16: 1. Improve attendance data entry by making Employee_ID and Attendance_Date required fields.
... A19: 4. Validate Shift against Check_In time to detect incorrect shift assignments.
